{
  "com.liferay.client.extension.type.configuration.CETConfiguration~clarity-ticketing-ui" : {
    ":configurator:policy" : "force",
    "baseURL" : "${portalURL}/o/clarity-ticketing-ui",
    "buildTimestamp" : 1749480385755,
    "description" : "",
    "dxp.lxc.liferay.com.virtualInstanceId" : "default",
    "name" : "Clarity Ticketing UI",
    "projectId" : "clarityticketingui",
    "projectName" : "clarity-ticketing-ui",
    "properties" : [ ],
    "sourceCodeURL" : "",
    "type" : "customElement",
    "typeSettings" : [ "friendlyURLMapping=clarity-ticketing-ui", "instanceable=false", "urls=index.831a999bd2e009c9189a.js", "useESM=true", "portletCategoryName=category.client-extensions", "htmlElementName=clarity-ticketing-ui" ],
    "webContextPath" : "/clarity-ticketing-ui"
  }
}